user_email,ques_id,timestamp
user001@test.com,3,2026-06-08 20:17:32
user001@test.com,6,2026-06-08 20:17:45
user001@test.com,11,2026-06-08 20:17:48
user001@test.com,14,2026-06-08 20:17:51
user001@test.com,20,2026-06-08 20:17:55
user001@test.com,1,2026-06-08 20:19:24
user001@test.com,8,2026-06-08 20:19:33
user001@test.com,12,2026-06-08 20:19:39
user001@test.com,4,2026-06-08 20:19:42
user001@test.com,5,2026-06-08 20:19:45
user001@test.com,13,2026-06-08 20:19:49
user001@test.com,17,2026-06-08 20:19:51
user001@test.com,18,2026-06-08 20:19:55

suraj@email.com,4,2026-06-11 22:42:28
suraj@email.com,8,2026-06-11 22:42:34
suraj@email.com,13,2026-06-11 22:42:38
suraj@email.com,16,2026-06-11 22:42:41
suraj@email.com,20,2026-06-11 22:42:46
